AGEG5YR,n,mean_mental
1,18060,7.359579180509402
2,17343,6.771954102519742
3,20714,6.455344211644304
4,23170,5.913638325420798
5,24268,5.34914290423603
6,23131,5.191172020232581
7,26360,4.922420333839144
8,28485,4.658030542390729
9,34092,4.128651883139705
10,36566,3.1604222501777293
11,33587,2.7633012772799086
12,25694,2.630302794426717
13,26386,2.085840976275298
14,2698,4.15752409191994
