"term","estimate","std.error","statistic","p.value"
"(Intercept)",13.5713067842864,0.176382793923564,76.9423506817089,0
"INCOME3",-0.741673959964596,0.0115669541073316,-64.1200745747311,0
"EDUCA",0.347238049001473,0.0278386121574435,12.4732528704247,1.09598295515002e-35
"EXERANY2",2.05455389736327,0.0570553613667218,36.0098305951947,1.54559299099839e-282
"SMOKDAY2",-0.641174899799355,0.032154538078343,-19.9404170645264,2.47534369976214e-88
"ALCDAY4",-0.00103943751809293,0.000269542424679579,-3.85630395411248,0.000115170674568957
"`_AGEG5YR`",-0.709601843799713,0.0078257444747914,-90.6753148004654,0
